0,Reymundo,Howell,7111,9403,698932846865900,27,9658 Charlotte Hill,Reymundo32@gmail.com
1,Hertha,Wisoky,5853,14407,592528130676100,14,32655 Golden Island,Hertha_Wisoky@gmail.com
2,Evalyn,Orn,9946,15953,233665532071800,23,21394 Katelyn Fords,Evalyn.Orn77@hotmail.com
3,Helmer,Huels,6097,10628,492720904052200,4,8438 Stefan Mission,Helmer.Huels32@gmail.com
4,Loma,Erdman,2114,8774,676937924076600,2,378 Deon Brooks,Loma47@hotmail.com
5,Darryl,Hauck,7375,2845,838810757658300,27,78822 Gerald Trail,Darryl48@gmail.com
6,Bertha,Fisher,5745,19733,563695956754800,11,7160 Delphine Pines,Bertha_Fisher78@yahoo.com
7,Vickie,Hansen,4610,6800,810115412257400,3,29807 Josephine Course,Vickie_Hansen@yahoo.com
8,Stewart,Friesen,9880,7305,284127688636400,17,26496 Mante Garden,Stewart69@yahoo.com
9,Alec,Ryan,1500,13334,827576361044800,29,763 Nichole Fort,Alec_Ryan@gmail.com
10,Zoila,Howell,8001,12004,066699931438200,24,98623 Hauck Springs,Zoila.Howell35@yahoo.com
11,Savion,Pagac,2460,6358,325515342087600,25,99929 Orin Roads,Savion62@hotmail.com
12,Maxime,Walsh,4407,9709,178583607632500,17,49482 Wilford Track,Maxime_Walsh@hotmail.com
13,Noelia,Bins,9948,1907,7611518594260400,22,9663 Jaskolski Summit,Noelia.Bins14@gmail.com
14,Taya,Hudson,1275,18217,26094191765700,5,3060 Madonna Throughway,Taya19@yahoo.com
15,Chad,Nicolas,6113,4490,715725715606100,29,321 Hahn Freeway,Chad_Nicolas@hotmail.com
16,Britney,Altenwerth,1700,14495,030522856406600,26,6531 Kuvalis Stream,Britney_Altenwerth14@hotmail.com
17,Tom,Carter,4956,18411,684115841846100,29,2950 Stamm Glen,Tom_Carter@yahoo.com
18,Aimee,Labadie,4159,6983,78291357483800,8,16133 Cole Harbor,Aimee_Labadie53@hotmail.com
19,Deon,Erdman,590,14810,475029708109900,10,26896 Fern Mountains,Deon.Erdman@hotmail.com
20,Price,Pacocha,9259,8960,78199677205300,7,98251 German Row,Price29@gmail.com
21,Waino,Runolfsdottir,1120,9751,901303861242200,6,264 Ruthie River,Waino_Runolfsdottir16@yahoo.com
22,Cortez,Monahan,8100,420,0368872936980600,7,43647 Eva Estate,Cortez_Monahan@hotmail.com
23,Mitchell,Yundt,3236,9764,60183540572700,27,72505 Jaskolski Walks,Mitchell_Yundt28@yahoo.com
24,Dusty,Rogahn,1441,1146,4859468147560800,1,257 Shana Drive,Dusty.Rogahn@gmail.com
25,Madalyn,Sporer,7277,14559,070841436774100,2,05472 Antwon Roads,Madalyn59@yahoo.com
26,Bella,Emard,5926,18723,908254608465800,10,14021 Connelly Squares,Bella_Emard22@hotmail.com
27,Pattie,Farrell,2904,9942,619361468888800,28,19721 Gottlieb Square,Pattie52@hotmail.com
28,Mikel,Lind,955,14177,413994389307700,16,8447 Lillian Road,Mikel44@hotmail.com
29,Gabe,Schuster,7237,13557,886461381742800,29,831 Rippin Walks,Gabe97@hotmail.com
30,Gunnar,Erdman,534,2899,33274402251900,3,5982 Rodger Island,Gunnar49@yahoo.com
31,Ronny,Sanford,1342,9682,253442277312800,26,8564 Virginia Spurs,Ronny.Sanford@hotmail.com
32,Audie,Luettgen,6440,2614,260121814099800,11,4884 Smitham Pine,Audie_Luettgen32@yahoo.com
33,Arnold,Cummings,4960,11157,181265371464600,14,419 Terrill Neck,Arnold.Cummings@hotmail.com
34,Corbin,Smith,5824,7468,559519559401900,15,040 Altenwerth Divide,Corbin87@yahoo.com
35,Princess,Collins,7693,6919,682491440181500,29,78166 Darrell Forge,Princess.Collins@hotmail.com
36,Dariana,Rogahn,1107,10402,912109067165400,26,4405 Lockman Green,Dariana.Rogahn@gmail.com
37,Nya,Wintheiser,1485,9649,166194698386300,21,8634 Darrin Island,Nya64@yahoo.com
38,Bianka,Lueilwitz,7737,5765,725264263206700,9,672 Yessenia Squares,Bianka_Lueilwitz@gmail.com
39,Faustino,Waters,7397,4518,943963255248400,30,65028 Homenick Place,Faustino.Waters@gmail.com
40,Izaiah,Pouros,8469,1283,1264940011903600,15,73012 Marion View,Izaiah_Pouros64@gmail.com
41,Reece,Padberg,5625,10924,203459091589600,4,796 Fausto Expressway,Reece_Padberg91@gmail.com
42,Mohammed,Green,4638,11406,629827062886200,30,542 Samantha Ways,Mohammed29@gmail.com
43,Gregg,Murphy,7113,17903,815077479838200,5,09910 Wuckert Tunnel,Gregg.Murphy@gmail.com
44,Emily,Parisian,858,1700,8969962601078600,25,070 Dillan Valley,Emily_Parisian@gmail.com
45,Darrin,Orn,1344,16620,510673905027800,23,79178 McKenzie Corners,Darrin_Orn70@yahoo.com
46,Kole,Erdman,3265,15959,223421178387200,24,288 Dax Rest,Kole90@yahoo.com
47,Hipolito,Bednar,6352,11976,876439469342100,10,7350 Mortimer Ferry,Hipolito.Bednar45@hotmail.com
48,Theresia,Koelpin,9158,17404,207785103564200,11,32858 Trantow Wall,Theresia.Koelpin@hotmail.com
49,Erik,Hammes,4068,748,485316125902800,25,92036 Kulas Harbors,Erik_Hammes@yahoo.com
50,Zachariah,MacGyver,7153,412,8932471912789400,16,3157 Beth Lock,Zachariah.MacGyver@yahoo.com
51,Richard,Bechtelar,8919,12969,641790524882800,3,699 Ollie Port,Richard.Bechtelar@yahoo.com
52,Zoila,Shanahan,8993,12809,92942927867200,10,6237 Giles Road,Zoila_Shanahan@gmail.com
53,Telly,Smitham,3716,12098,717009974051600,6,194 Toy Rue,Telly_Smitham13@gmail.com
54,Kaleb,Tromp,6708,13988,364880712880400,6,1589 Gerhold Islands,Kaleb31@yahoo.com
55,Angelita,Sanford,757,8940,863821581409300,25,54957 Johnston Cliff,Angelita24@gmail.com
56,Eduardo,Wunsch,9692,14899,665711168054200,25,30769 Lemke Parkway,Eduardo5@gmail.com
57,Sallie,Pollich,7209,19581,546303993810900,16,374 Stanton Course,Sallie_Pollich@gmail.com
58,Chance,Beatty,3484,6432,403488891384300,29,3339 Howell Parkway,Chance_Beatty72@yahoo.com
59,Heather,Kuhlman,5279,6239,073521336113900,14,671 Carroll Way,Heather_Kuhlman@gmail.com
60,Jalyn,Tremblay,7963,15136,94756577581200,4,6469 McLaughlin Ville,Jalyn.Tremblay@yahoo.com
61,Maria,Stoltenberg,1581,4665,376978863668600,26,3264 Anya Way,Maria.Stoltenberg44@gmail.com
62,Kennedy,Anderson,7513,12585,182733407792700,20,521 Kuphal Glens,Kennedy44@yahoo.com
63,Jeramie,Ferry,2999,15211,640613857492800,18,9595 Alejandra Spur,Jeramie.Ferry@yahoo.com
64,Jed,Block,5017,10881,796824597668200,2,07780 Cormier Corner,Jed90@gmail.com
65,Wilson,Moen,5924,17035,605576464724500,8,17980 Thompson Estate,Wilson.Moen60@gmail.com
66,Summer,Kilback,446,5925,083425978696800,8,99376 Marianne Ford,Summer_Kilback63@yahoo.com
67,Rasheed,Ullrich,2287,8998,321540699494500,10,6717 Camylle Forge,Rasheed46@yahoo.com
68,Uriel,Hahn,3610,8087,705312523860700,2,8023 Sunny Fords,Uriel.Hahn@gmail.com
69,Isabell,Powlowski,6867,19952,76397171092700,22,948 Amir Corner,Isabell.Powlowski18@gmail.com
70,Juanita,Metz,3189,4768,771901991578900,23,5388 Heath Passage,Juanita.Metz@yahoo.com
71,Emmanuel,Turcotte,6215,9394,961788689229200,8,6900 Abigayle Dale,Emmanuel.Turcotte@gmail.com
72,Rogers,Luettgen,561,16485,653986495754300,21,37124 Greenholt Tunnel,Rogers_Luettgen83@gmail.com
73,Rashawn,Ratke,2929,15184,452531060416400,26,353 Walker Drives,Rashawn.Ratke98@hotmail.com
74,Franco,Farrell,6332,17331,11989853490700,16,892 Bogisich Park,Franco20@hotmail.com
75,Doris,Schmeler,4109,11121,291548256426100,24,793 Legros Estates,Doris46@hotmail.com
76,Celestine,Kovacek,6944,11791,798395240582200,7,73957 Evan Station,Celestine32@gmail.com
77,Blaise,Vandervort,3372,9827,973898094143300,6,80505 Hauck Highway,Blaise_Vandervort15@yahoo.com
78,Lou,Witting,3114,9973,791042237446500,8,944 Keely Well,Lou87@hotmail.com
79,Brielle,Collier,6858,5772,358700620186600,16,3268 Wiza Island,Brielle_Collier17@yahoo.com
80,Josianne,Herman,8167,8349,770412756958100,3,38325 Rosenbaum Ridge,Josianne.Herman@gmail.com
81,Arnulfo,Kilback,6293,7395,157947295889100,14,7731 Turner Springs,Arnulfo23@yahoo.com
82,Marquise,Bednar,7250,974,3793449245288700,13,190 Spinka Forges,Marquise.Bednar@hotmail.com
83,Gordon,Reichel,5536,10945,092687543981400,5,49032 DuBuque Islands,Gordon3@yahoo.com
84,Sallie,D'Amore,6606,3356,959649714161200,21,498 Medhurst Land,Sallie.DAmore@gmail.com
85,Zackery,Kerluke,9179,13999,709088355166200,3,684 Smitham Burgs,Zackery70@yahoo.com
86,Raquel,Ziemann,8068,5254,133113731698200,24,37425 Myrtle Greens,Raquel_Ziemann@gmail.com
87,Elza,Schamberger,4916,9080,952131413369800,29,69303 Hansen Port,Elza87@hotmail.com
88,Elisa,Boyle,4779,15238,96668648298600,12,355 Kilback Extension,Elisa_Boyle@yahoo.com
89,Dallin,Ferry,2219,7319,163962136557800,2,589 Ullrich Knoll,Dallin75@gmail.com
90,Chester,Murazik,288,9357,707472544964600,9,6047 Kulas Drive,Chester_Murazik@gmail.com
91,Makenna,Smith,1639,10125,262414815494900,23,9218 Jewell Terrace,Makenna_Smith37@gmail.com
92,Stuart,Hansen,8698,8544,675517848069300,21,9512 Stroman Center,Stuart25@gmail.com
93,Hiram,D'Amore,2595,8816,060273729283900,24,5334 Price Lake,Hiram.DAmore20@gmail.com
94,Aileen,Purdy,2462,3438,724641752763300,10,077 Legros Drive,Aileen_Purdy74@gmail.com
95,Marty,Heidenreich,9331,2351,007369417227900,27,5557 Keebler Union,Marty.Heidenreich13@yahoo.com
96,Kavon,Auer,2707,17124,464131577149500,6,974 Dooley Square,Kavon_Auer51@yahoo.com
97,Jovani,Kozey,1033,2545,958474206715900,7,49439 Conroy Islands,Jovani.Kozey58@yahoo.com
98,Jaylan,Skiles,1578,7402,240946377738800,9,40882 Zemlak Roads,Jaylan98@gmail.com
99,Adrien,Heller,4215,1404,9770168983276100,29,49051 Virginia Shores,Adrien68@gmail.com
100,Gabrielle,Braun,8053,2696,826976443088700,27,50227 Merle Island,Gabrielle_Braun17@yahoo.com
101,Haven,Stroman,1023,3481,21395338382400,27,8876 Aditya Plaza,Haven.Stroman18@yahoo.com
102,Shaylee,Klein,6649,17239,886187361494900,24,124 Towne Mountain,Shaylee93@yahoo.com
103,Rhoda,Schultz,2857,18711,670629778725300,28,8574 Clay Neck,Rhoda_Schultz@hotmail.com
104,Isabel,Balistreri,5179,10288,255748100707300,17,027 Abel Crest,Isabel60@gmail.com
105,Rebeka,Schaefer,7168,9236,006040934471900,7,252 Eusebio Radial,Rebeka_Schaefer@gmail.com
106,Loma,O'Keefe,244,12308,539259391151600,22,99304 Lehner Pines,Loma_OKeefe@yahoo.com
107,Walker,Pacocha,9878,1392,5719342625578200,12,82097 Celia Tunnel,Walker.Pacocha@gmail.com
108,Candelario,Murazik,8986,7956,948371397770700,16,722 Hartmann Stravenue,Candelario.Murazik11@hotmail.com
109,Nicola,Spencer,5698,5668,020570542671400,25,25021 Gia Valley,Nicola22@yahoo.com
110,Vinnie,Batz,5800,3299,566945479976700,1,869 Kemmer Ports,Vinnie_Batz95@gmail.com
111,Fay,Bode,8368,6612,024693802010400,8,03569 Amiya Point,Fay_Bode@hotmail.com
112,Emory,Leuschke,5985,16517,904399110883900,13,799 Nader Isle,Emory30@hotmail.com
113,Pink,Haley,4794,17932,48166508622600,22,7580 Vicky Mill,Pink.Haley35@hotmail.com
114,Florian,Goldner,3650,10535,99042256175400,20,3061 Wayne Spring,Florian81@gmail.com
115,Lacey,Koepp,7582,5151,166458544861500,27,4054 Ward Stravenue,Lacey_Koepp52@gmail.com
116,Theo,West,2819,13249,620872805650400,5,8853 Malvina Ports,Theo38@yahoo.com
117,Delaney,Lindgren,1097,9394,190960141917200,6,2333 Kutch Unions,Delaney64@yahoo.com
118,Cristobal,Gutkowski,5419,18546,751536357565700,10,902 Hyman Underpass,Cristobal.Gutkowski@gmail.com
119,Adriel,Schiller,1459,10559,151511620330100,2,61033 Wehner Prairie,Adriel_Schiller17@yahoo.com
120,Eric,Predovic,4652,18889,249583375288800,10,62880 Trantow Ramp,Eric.Predovic@yahoo.com
121,Jimmy,Medhurst,4670,3171,391195324907100,28,1552 Rosenbaum Island,Jimmy.Medhurst65@yahoo.com
122,Kayla,Stanton,8174,6031,053359215635500,1,72097 Gutkowski Loaf,Kayla28@gmail.com
123,Micaela,Dach,7761,9476,161560824214500,10,1389 Medhurst Greens,Micaela_Dach@hotmail.com
124,Maymie,Kling,2124,11456,530770592646400,14,431 Donnelly Street,Maymie95@hotmail.com
125,Bernita,Cruickshank,9348,17694,350224591024500,3,97967 Herman Lane,Bernita.Cruickshank5@yahoo.com
126,Newton,Brown,7212,5565,751741158668900,9,344 Sophia Ways,Newton_Brown@hotmail.com
127,Rebekah,Schinner,4943,14264,126539399913600,5,2750 Adelbert Village,Rebekah.Schinner@hotmail.com
128,Oma,Lynch,8434,7912,300317274551900,27,80049 Ignatius Extension,Oma_Lynch75@yahoo.com
129,Charlotte,Kihn,9028,7801,287236204973500,23,58063 Lamont Brooks,Charlotte57@hotmail.com
130,Elyssa,Ward,1411,8000,711274193927900,13,42260 Effertz Way,Elyssa_Ward@gmail.com
131,Saul,Dach,1159,17858,042245478401200,19,7367 Sydney Inlet,Saul_Dach3@yahoo.com
132,Lilla,Sauer,414,3791,817788915614400,7,78782 Rylee Harbors,Lilla.Sauer47@hotmail.com
133,Helen,Haag,7938,17913,739568001471700,4,663 Turcotte Heights,Helen55@gmail.com
134,Maxie,Macejkovic,6893,19132,240682575965400,28,0580 Christop Mills,Maxie_Macejkovic46@hotmail.com
135,Cicero,Reinger,8307,17718,277379133862800,27,1648 German Villages,Cicero51@hotmail.com
136,Daija,Conn,1772,11277,86488415573500,25,28847 Murphy Spurs,Daija_Conn33@gmail.com
137,Monica,Schulist,6644,6253,535255674980300,18,01955 Elena Mission,Monica.Schulist90@yahoo.com
138,Gaetano,Runolfsdottir,5233,3585,147417702315700,9,45693 McDermott Mill,Gaetano_Runolfsdottir82@yahoo.com
139,Lavonne,Botsford,5997,11544,931126453413700,1,2787 Harber Glens,Lavonne_Botsford@hotmail.com
140,Corene,Nienow,3978,14353,738288606393600,13,4159 Schuppe Vista,Corene99@hotmail.com
141,Myrtis,Schoen,7786,3843,795502066507700,16,375 Shanahan Glens,Myrtis_Schoen@hotmail.com
142,Paris,Hudson,749,3415,638195637440100,4,21473 Pfeffer Extension,Paris_Hudson5@yahoo.com
143,Burnice,Quigley,3887,14131,925834171435500,20,122 Mertz Freeway,Burnice_Quigley58@hotmail.com
144,Raul,Waters,8886,11127,14473187324700,18,5090 Murray Mountains,Raul_Waters50@gmail.com
145,Penelope,Jakubowski,6879,8086,939617705973400,14,9037 Pouros Mission,Penelope_Jakubowski76@gmail.com
146,Zander,Kutch,5519,17842,657663041105100,27,621 Breanna Neck,Zander.Kutch@yahoo.com
147,Stewart,Herman,8976,8333,604743580154500,15,371 Casper Well,Stewart23@hotmail.com
148,Joey,Frami,7224,4011,953839758386700,29,2094 Jany Green,Joey_Frami@yahoo.com
149,Arianna,Schmidt,6799,16847,239962335326600,4,8029 MacGyver Springs,Arianna.Schmidt@gmail.com
150,Monte,Walter,7930,6468,298599202315900,10,299 Weissnat Estate,Monte_Walter@hotmail.com
151,Colten,Braun,998,6800,290654273836900,12,162 Madalyn Keys,Colten1@gmail.com
152,Josefina,Mertz,7284,8243,541921183263800,21,112 Stamm Ford,Josefina.Mertz@yahoo.com
153,David,Davis,261,17570,994703504727900,5,69813 Wilber Parks,David.Davis38@hotmail.com
154,Gretchen,Weissnat,2526,4234,52170301905500,1,89080 Carmel Ford,Gretchen23@yahoo.com
155,Hollie,Strosin,3273,11940,150591656640900,12,68420 Smitham Viaduct,Hollie15@gmail.com
156,Zachery,Wiza,121,10684,216805540122800,26,608 Brooks Pines,Zachery45@hotmail.com
157,Hubert,Heller,781,16156,65356128321900,17,83759 Joelle Island,Hubert_Heller40@hotmail.com
158,Ardella,Feil,9015,349,7767219086060900,19,70850 Jimmie Trafficway,Ardella.Feil35@hotmail.com
159,Lesly,Daugherty,8692,10242,015672587794400,1,684 Heaney Orchard,Lesly.Daugherty@hotmail.com
160,Cristobal,Leuschke,3440,9165,433431586909100,2,2977 Mraz Shores,Cristobal59@hotmail.com
161,Emerson,Gerlach,2287,4239,983073733731900,22,7893 Ebert Ville,Emerson.Gerlach@gmail.com
162,Rashad,Goodwin,3558,14487,033840402505800,10,2876 Sid Freeway,Rashad.Goodwin@hotmail.com
163,Barbara,Prosacco,1930,994,0344025818783400,15,776 Sporer Glen,Barbara56@yahoo.com
164,Jillian,Vandervort,5111,17896,246116234092600,27,628 Welch Street,Jillian_Vandervort@yahoo.com
165,Gust,Prosacco,2430,8764,545439493173200,8,40842 Leffler Bridge,Gust30@hotmail.com
166,Diamond,Purdy,2717,10685,371394262364700,13,058 Brakus Ports,Diamond_Purdy36@yahoo.com
167,Tiana,Denesik,6909,6286,854040011233700,9,864 Ruben Overpass,Tiana.Denesik57@yahoo.com
168,Christ,Nienow,7083,17496,623875711398200,9,5910 Champlin Ramp,Christ12@gmail.com
169,Etha,Ondricka,4328,19879,307559355764200,30,0960 Kenton Mountain,Etha.Ondricka@gmail.com
170,Cristobal,Hagenes,1152,9860,703332145099300,20,33646 Corkery Unions,Cristobal24@yahoo.com
171,Ayden,Rice,5852,3933,545741501053400,16,645 Mraz Plaza,Ayden_Rice@gmail.com
172,Rosamond,Shanahan,9587,12810,080466563859400,21,0780 Rosalind Falls,Rosamond33@gmail.com
173,Rod,Dicki,6554,13490,199628840294500,1,496 Walter Lakes,Rod79@gmail.com
174,Myah,O'Hara,8511,13319,656553361405400,21,3298 Domenic Inlet,Myah38@yahoo.com
175,Buck,Rowe,898,18822,630232955612800,8,29318 Ryder Skyway,Buck.Rowe37@hotmail.com
176,Jarred,O'Connell,6538,5842,288175990003300,22,8181 Kshlerin Meadow,Jarred_OConnell@yahoo.com
177,Webster,Steuber,4823,16597,907391422391400,25,914 Gerlach Lock,Webster_Steuber21@gmail.com
178,Reuben,Rice,4981,9472,114514034296800,11,063 Kay Ridge,Reuben_Rice33@hotmail.com
179,Aglae,Cartwright,6893,11041,658480997038700,20,440 Kohler Street,Aglae.Cartwright61@gmail.com
180,Emelia,Streich,442,1824,831878172620700,19,8186 Gibson Spurs,Emelia.Streich@gmail.com
181,Earl,Smith,9668,13260,434313984792700,5,3645 Tremblay Stravenue,Earl77@gmail.com
182,Jannie,Stokes,6153,4970,772154755324900,13,03512 Jacobi Junction,Jannie_Stokes4@hotmail.com
183,Jerel,Wilderman,1575,6035,453169204043800,12,726 Darrell Burg,Jerel18@hotmail.com
184,Fiona,VonRueden,8473,17603,396236804969800,28,536 Deckow Port,Fiona_VonRueden59@gmail.com
185,Arno,Price,8258,6528,66071184568300,17,86134 Lubowitz Stream,Arno_Price5@yahoo.com
186,Boris,Barrows,1443,11843,586021402654600,5,70326 Legros Lakes,Boris26@yahoo.com
187,Salma,Schimmel,6784,14459,364697504491300,6,31862 Collins Circles,Salma_Schimmel@yahoo.com
188,Ubaldo,Brekke,6667,18828,834854638600700,14,4347 Reece Rue,Ubaldo12@gmail.com
189,Bailey,Hodkiewicz,4070,16661,664715484564900,24,36087 Alphonso Land,Bailey64@hotmail.com
190,Brennan,Moen,9232,7042,995775091932900,5,765 Hauck Locks,Brennan_Moen@hotmail.com
191,Burnice,Funk,128,14773,505181480904900,6,2678 Jacobson Corners,Burnice.Funk@hotmail.com
192,Avis,Beier,6282,4197,592869027324200,23,74484 Feeney Estate,Avis_Beier@gmail.com
193,Jamison,Skiles,3751,9576,726844570002300,17,28461 Becker Turnpike,Jamison_Skiles@gmail.com
194,Ubaldo,Hamill,4006,700,4478422461291900,22,928 Mauricio Extension,Ubaldo18@yahoo.com
195,Eloisa,Reichel,9604,12460,30665541081700,16,647 Cummerata Isle,Eloisa9@gmail.com
196,Gregg,Kunde,1066,4812,624172453130400,10,40980 Lesch Creek,Gregg.Kunde@hotmail.com
197,Garfield,Kozey,3554,16804,144555565043100,12,2566 Stracke Inlet,Garfield_Kozey33@hotmail.com
198,Johann,White,8768,17414,14679648081400,19,83398 Adolfo Village,Johann_White74@yahoo.com
199,Kellen,Breitenberg,6250,17967,189215900001700,22,810 Alana Lights,Kellen.Breitenberg66@hotmail.com